Dataset,ACC,NMI,Purity,Fscore,time_split,Time
Dermatology,0.894972067039106,0.85605417131391,0.908268156424581,0.869285501577523,0.2621304,0.456649116666667
